Benchmark,Source Video,Image Path,Kernel Width (# pixels),Average Time Elapsed (milliseconds),Variance of Time Elapsed (milliseconds),Time Elapsed 1 (milliseconds),Time Elapsed 2 (milliseconds),Time Elapsed 3 (milliseconds),Time Elapsed 4 (milliseconds),Time Elapsed 5 (milliseconds),Time Elapsed 6 (milliseconds),Time Elapsed 7 (milliseconds),Time Elapsed 8 (milliseconds),Time Elapsed 9 (milliseconds),Time Elapsed 10 (milliseconds),Average of average CPU usage (% of CPU),Variance of average CPU usage (% of CPU),CPU usage 1 (% of CPU),CPU usage 2 (% of CPU),CPU usage 3 (% of CPU),CPU usage 4 (% of CPU),CPU usage 5 (% of CPU),CPU usage 6 (% of CPU),CPU usage 7 (% of CPU),CPU usage 8 (% of CPU),CPU usage 9 (% of CPU),CPU usage 10 (% of CPU),Average memory usage (% of memory),Variance of memory usage (% of memory),memory usage 1 (% of memory),memory usage 2 (% of memory),memory usage 3 (% of memory),memory usage 4 (% of memory),memory usage 5 (% of memory),memory usage 6 (% of memory),memory usage 7 (% of memory),memory usage 8 (% of memory),memory usage 9 (% of memory),memory usage 10 (% of memory)
measureMemoryUsage,Video1,./data/Video1/Confetti01.png and 9 others,3,33.85179042816162,3.0994013848663196,37.21117973327637,36.98873519897461,32.49406814575195,33.68186950683594,33.09297561645508,32.88078308105469,33.017873764038086,33.03027153015137,32.44614601135254,33.674001693725586,8.05,126.47611111111111,37.5,0.0,9.8,8.9,0.0,5.8,0.0,9.4,0.0,9.1,58.52,0.0062222222222224,58.4,58.6,58.5,58.5,58.5,58.5,58.5,58.5,58.5,58.7
resize,Video1,./data/Video1/Confetti01.png and 9 others,3,0.506505012512207,0.001056506222691193,0.44040679931640625,0.5240821838378906,0.5200386047363281,0.5133247375488281,0.5041694641113281,0.5152416229248047,0.5100059509277344,0.4836463928222656,0.48745155334472656,0.5666828155517578,3.81,145.16099999999997,0.0,0.0,0.0,38.1,0.0,0.0,0.0,0.0,0.0,0.0,58.54,0.004888888888889028,58.5,58.6,58.5,58.6,58.5,58.5,58.5,58.5,58.5,58.7
rotate,Video1,./data/Video1/Confetti01.png and 9 others,3,0.9190130233764648,0.0003873322940408899,0.9199237823486328,0.9444332122802734,0.9125614166259766,0.8741569519042969,0.9154415130615234,0.9152412414550781,0.9430789947509766,0.9121322631835938,0.9295177459716797,0.9236431121826172,0.0,0.0,0.0,0.0,0.0,0.0,0.0,0.0,0.0,0.0,0.0,0.0,58.54,0.004888888888889028,58.5,58.6,58.5,58.6,58.5,58.5,58.5,58.5,58.5,58.7
mirror,Video1,./data/Video1/Confetti01.png and 9 others,3,0.337066650390625,0.00011740897510511179,0.3449249267578125,0.3379249572753906,0.3251171112060547,0.328369140625,0.3365135192871094,0.33123016357421875,0.33324241638183594,0.3366374969482422,0.3329944610595703,0.3637123107910156,0.0,0.0,0.0,0.0,0.0,0.0,0.0,0.0,0.0,0.0,0.0,0.0,58.54,0.004888888888889028,58.5,58.6,58.5,58.6,58.5,58.5,58.5,58.5,58.5,58.7
contour,Video1,./data/Video1/Confetti01.png and 9 others,3,2.669219970703125,0.003378923490042022,2.795839309692383,2.6383209228515625,2.657957077026367,2.6250362396240234,2.6434898376464844,2.623748779296875,2.7423954010009766,2.696847915649414,2.6395320892333984,2.6290321350097656,0.0,0.0,0.0,0.0,0.0,0.0,0.0,0.0,0.0,0.0,0.0,0.0,58.54,0.004888888888889028,58.6,58.6,58.5,58.5,58.5,58.5,58.5,58.5,58.5,58.7
contrastRandomization,Video1,./data/Video1/Confetti01.png and 9 others,3,0.9771556854248047,0.0012245487960171886,0.9581947326660156,0.9628009796142578,0.9683513641357422,0.9551906585693359,1.0335159301757812,0.9437179565429688,0.9631919860839844,1.0494041442871094,0.9730339050292969,0.9641551971435547,0.0,0.0,0.0,0.0,0.0,0.0,0.0,0.0,0.0,0.0,0.0,0.0,58.54,0.004888888888889028,58.6,58.6,58.5,58.5,58.5,58.5,58.5,58.5,58.5,58.7
brightnessRandomization,Video1,./data/Video1/Confetti01.png and 9 others,3,61.93585395812988,5.240697492404757,61.681270599365234,56.23006820678711,63.32111358642578,62.58678436279297,63.107967376708984,61.77878379821777,61.89227104187012,61.59186363220215,61.96403503417969,65.20438194274902,0.0,0.0,0.0,0.0,0.0,0.0,0.0,0.0,0.0,0.0,0.0,0.0,58.61,0.029888888888888823,59.0,58.6,58.5,58.8,58.5,58.5,58.5,58.5,58.5,58.7
gaussianBlur,Video1,./data/Video1/Confetti01.png and 9 others,3,0.15035533905029297,1.2628605771977971e-05,0.14847755432128906,0.1581287384033203,0.14786720275878906,0.1501941680908203,0.1553630828857422,0.14945030212402344,0.1492786407470703,0.14952659606933594,0.14695167541503906,0.1483154296875,0.0,0.0,0.0,0.0,0.0,0.0,0.0,0.0,0.0,0.0,0.0,0.0,58.61,0.029888888888888823,59.0,58.6,58.5,58.8,58.5,58.5,58.5,58.5,58.5,58.7
meanThresh,Video1,./data/Video1/Confetti01.png and 9 others,3,1.604771614074707,0.0018964600258186692,1.5842437744140625,1.6040325164794922,1.5856742858886719,1.5969562530517578,1.6026878356933594,1.7255687713623047,1.6008377075195312,1.583395004272461,1.5741252899169922,1.5901947021484375,0.0,0.0,0.0,0.0,0.0,0.0,0.0,0.0,0.0,0.0,0.0,0.0,58.61,0.029888888888888823,59.0,58.6,58.5,58.8,58.5,58.5,58.5,58.5,58.5,58.7
gradientSobel,Video1,./data/Video1/Confetti01.png and 9 others,3,2.459547996520996,0.007056481142879218,2.3985958099365234,2.534961700439453,2.3775482177734375,2.385835647583008,2.420368194580078,2.4242019653320312,2.3951244354248047,2.5968456268310547,2.5855541229248047,2.4764442443847656,0.0,0.0,0.0,0.0,0.0,0.0,0.0,0.0,0.0,0.0,0.0,0.0,58.61,0.029888888888888823,59.0,58.6,58.5,58.8,58.5,58.5,58.5,58.5,58.5,58.7
computeHistogram,Video1,./data/Video1/Confetti01.png and 9 others,3,0.31675052642822266,0.00030049341249751806,0.30020713806152344,0.3107261657714844,0.29351234436035156,0.34041404724121094,0.33371925354003906,0.3072357177734375,0.34343719482421875,0.3229331970214844,0.308074951171875,0.30724525451660156,0.0,0.0,0.0,0.0,0.0,0.0,0.0,0.0,0.0,0.0,0.0,0.0,58.61,0.029888888888888823,59.0,58.6,58.5,58.8,58.5,58.5,58.5,58.5,58.5,58.7
computeCanny,Video1,./data/Video1/Confetti01.png and 9 others,3,26.68888568878174,0.8150153948665522,28.093814849853516,26.734113693237305,26.57008171081543,27.670860290527344,25.86507797241211,27.18806266784668,25.021076202392578,26.866912841796875,26.947021484375,25.931835174560547,0.0,0.0,0.0,0.0,0.0,0.0,0.0,0.0,0.0,0.0,0.0,0.0,58.61,0.029888888888888823,59.0,58.6,58.5,58.8,58.5,58.5,58.5,58.5,58.5,58.7
detectSift,Video1,./data/Video1/Confetti01.png and 9 others,3,359.49907302856445,18.725718054055406,360.7821464538574,353.61409187316895,358.165979385376,369.5211410522461,357.0702075958252,361.407995223999,357.4368953704834,361.07802391052246,360.0771427154541,355.8371067047119,0.0,0.0,0.0,0.0,0.0,0.0,0.0,0.0,0.0,0.0,0.0,0.0,58.61,0.029888888888888823,59.0,58.6,58.5,58.8,58.5,58.5,58.5,58.5,58.5,58.7
detectSurf,Video1,./data/Video1/Confetti01.png and 9 others,3,233.14874172210693,38.91856168757436,247.38311767578125,228.67989540100098,225.3119945526123,229.5238971710205,236.13691329956055,233.55388641357422,232.33985900878906,236.40108108520508,234.5588207244873,227.5979518890381,32.32,1.5151111111111115,33.4,31.9,32.2,32.3,30.3,34.2,30.9,32.1,32.0,33.9,58.5,0.0,58.5,58.5,58.5,58.5,58.5,58.5,58.5,58.5,58.5,58.5
goodFeatures,Video1,./data/Video1/Confetti01.png and 9 others,3,40.259766578674316,16.591758165734266,51.64074897766113,37.85085678100586,37.944793701171875,40.41600227355957,38.92779350280762,39.39628601074219,39.32309150695801,39.65282440185547,38.96927833557129,38.475990295410156,9.53,28.66677777777778,23.8,11.5,5.0,6.3,9.5,6.2,7.6,7.9,9.4,8.1,58.7,0.0,58.7,58.7,58.7,58.7,58.7,58.7,58.7,58.7,58.7,58.7
houghLine,Video1,./data/Video1/Confetti01.png and 9 others,3,42.26541519165039,1.547273427604523,44.992923736572266,41.18990898132324,42.46783256530762,43.721914291381836,42.68908500671387,41.889190673828125,41.36013984680176,41.44597053527832,41.5501594543457,41.34702682495117,11.38,69.16844444444445,29.7,13.4,13.0,0.0,14.1,11.9,12.1,7.8,11.8,0.0,58.53,0.004555555555555685,58.6,58.5,58.5,58.5,58.5,58.5,58.5,58.5,58.7,58.5
measureMemoryUsage,Video2,./data/Video2/Gear01.png and 9 others,3,9.86178970336914,1.0027327435980422,8.809356689453125,10.720968246459961,9.040050506591797,9.112472534179688,9.172077178955078,9.282159805297852,11.08098030090332,11.167049407958984,11.067867279052734,9.164915084838867,0.75,5.625,0.0,0.0,0.0,0.0,0.0,7.5,0.0,0.0,0.0,0.0,58.5,0.0,58.5,58.5,58.5,58.5,58.5,58.5,58.5,58.5,58.5,58.5
resize,Video2,./data/Video2/Gear01.png and 9 others,3,0.3399019241333008,0.001315812673460136,0.33455848693847656,0.30104637145996094,0.3606414794921875,0.3534507751464844,0.36011695861816406,0.3568458557128906,0.30223846435546875,0.3114032745361328,0.30455589294433594,0.41416168212890625,4.0,160.0,0.0,0.0,0.0,0.0,0.0,40.0,0.0,0.0,0.0,0.0,58.5,0.0,58.5,58.5,58.5,58.5,58.5,58.5,58.5,58.5,58.5,58.5
rotate,Video2,./data/Video2/Gear01.png and 9 others,3,0.43910980224609375,0.0003721898287444168,0.41656494140625,0.42064666748046875,0.4737567901611328,0.44712066650390625,0.4293632507324219,0.4244422912597656,0.45375823974609375,0.42311668395996094,0.46024322509765625,0.44208526611328125,0.63,3.969,0.0,0.0,0.0,0.0,0.0,6.3,0.0,0.0,0.0,0.0,58.5,0.0,58.5,58.5,58.5,58.5,58.5,58.5,58.5,58.5,58.5,58.5
mirror,Video2,./data/Video2/Gear01.png and 9 others,3,0.1563549041748047,3.420747008122918e-05,0.15471458435058594,0.15616416931152344,0.16468048095703125,0.1522064208984375,0.15044212341308594,0.16796112060546875,0.1534748077392578,0.15135765075683594,0.1534748077392578,0.1590728759765625,0.0,0.0,0.0,0.0,0.0,0.0,0.0,0.0,0.0,0.0,0.0,0.0,58.5,0.0,58.5,58.5,58.5,58.5,58.5,58.5,58.5,58.5,58.5,58.5
contour,Video2,./data/Video2/Gear01.png and 9 others,3,1.0463809967041016,0.0022337157537953723,0.9377574920654297,1.0144710540771484,1.0323238372802734,1.0714435577392578,1.0912799835205078,1.0778427124023438,1.0638046264648438,1.0285186767578125,1.0467720031738281,1.0995960235595703,0.0,0.0,0.0,0.0,0.0,0.0,0.0,0.0,0.0,0.0,0.0,0.0,58.5,0.0,58.5,58.5,58.5,58.5,58.5,58.5,58.5,58.5,58.5,58.5
contrastRandomization,Video2,./data/Video2/Gear01.png and 9 others,3,0.41896629333496094,1.9457462864617508e-05,0.4201984405517578,0.42107582092285156,0.4239940643310547,0.4117584228515625,0.4135894775390625,0.4178810119628906,0.41388511657714844,0.42260169982910156,0.42220115661621094,0.42247772216796875,0.0,0.0,0.0,0.0,0.0,0.0,0.0,0.0,0.0,0.0,0.0,0.0,58.5,0.0,58.5,58.5,58.5,58.5,58.5,58.5,58.5,58.5,58.5,58.5
brightnessRandomization,Video2,./data/Video2/Gear01.png and 9 others,3,24.00500774383545,0.6809036809348376,25.368213653564453,25.4671573638916,23.836135864257812,23.423433303833008,23.66781234741211,23.63419532775879,24.280071258544922,22.85909652709961,23.78988265991211,23.724079132080078,0.0,0.0,0.0,0.0,0.0,0.0,0.0,0.0,0.0,0.0,0.0,0.0,58.52,0.0017777777777778284,58.5,58.5,58.5,58.5,58.6,58.5,58.5,58.5,58.5,58.6
gaussianBlur,Video2,./data/Video2/Gear01.png and 9 others,3,0.10470962524414062,1.3543410912259586e-05,0.09675025939941406,0.10616302490234375,0.10756492614746094,0.10196685791015625,0.10759353637695312,0.10512351989746094,0.10396003723144531,0.10198593139648438,0.10915756225585938,0.10683059692382812,0.0,0.0,0.0,0.0,0.0,0.0,0.0,0.0,0.0,0.0,0.0,0.0,58.52,0.0017777777777778284,58.5,58.5,58.5,58.5,58.6,58.5,58.5,58.5,58.5,58.6
meanThresh,Video2,./data/Video2/Gear01.png and 9 others,3,0.7527885437011719,0.00018570047056224817,0.7361507415771484,0.7750892639160156,0.7337093353271484,0.7538414001464844,0.7477664947509766,0.75347900390625,0.7571506500244141,0.7705116271972656,0.7590007781982422,0.7411861419677734,0.0,0.0,0.0,0.0,0.0,0.0,0.0,0.0,0.0,0.0,0.0,0.0,58.52,0.0017777777777778284,58.5,58.5,58.5,58.5,58.6,58.5,58.5,58.5,58.5,58.6
gradientSobel,Video2,./data/Video2/Gear01.png and 9 others,3,0.838963508605957,0.0002513313433559637,0.8354854583740234,0.8819961547851562,0.8364009857177734,0.8430767059326172,0.8319282531738281,0.83099365234375,0.8329582214355469,0.8400058746337891,0.8276748657226562,0.8291149139404297,0.0,0.0,0.0,0.0,0.0,0.0,0.0,0.0,0.0,0.0,0.0,0.0,58.52,0.0017777777777778284,58.5,58.5,58.5,58.5,58.6,58.5,58.5,58.5,58.5,58.6
computeHistogram,Video2,./data/Video2/Gear01.png and 9 others,3,0.22903728485107422,0.00020355496013103725,0.22307395935058594,0.23511886596679688,0.234527587890625,0.22131919860839844,0.22584915161132812,0.24868011474609375,0.20832061767578125,0.2545642852783203,0.2216339111328125,0.21728515625,0.0,0.0,0.0,0.0,0.0,0.0,0.0,0.0,0.0,0.0,0.0,0.0,58.52,0.0017777777777778284,58.5,58.5,58.5,58.5,58.6,58.5,58.5,58.5,58.5,58.6
computeCanny,Video2,./data/Video2/Gear01.png and 9 others,3,1.8607902526855469,0.010248197274146756,1.9392108917236328,1.8030834197998047,1.8859672546386719,1.8441581726074219,1.9348335266113281,1.8903636932373047,1.9796466827392578,1.6799640655517578,1.7109966278076172,1.9396781921386719,1.7899999999999998,32.041,0.0,17.9,0.0,0.0,0.0,0.0,0.0,0.0,0.0,0.0,58.52,0.0017777777777778284,58.5,58.5,58.5,58.5,58.6,58.5,58.5,58.5,58.5,58.6
detectSift,Video2,./data/Video2/Gear01.png and 9 others,3,139.5577907562256,7.226229902496723,140.7608985900879,136.59906387329102,137.99500465393066,141.3266658782959,141.91198348999023,136.9791030883789,140.6998634338379,144.0417766571045,135.60175895690918,139.6617889404297,5.67,87.93566666666666,0.0,20.9,13.7,0.0,0.0,0.0,22.1,0.0,0.0,0.0,58.58,0.015111111111110846,58.5,58.8,58.8,58.5,58.6,58.5,58.5,58.5,58.5,58.6
detectSurf,Video2,./data/Video2/Gear01.png and 9 others,3,66.63458347320557,4.054751723161745,66.06221199035645,70.28818130493164,67.1699047088623,67.6419734954834,65.81711769104004,64.92829322814941,65.64211845397949,65.03510475158691,69.55170631408691,64.2092227935791,15.670000000000002,773.2578888888889,0.0,66.4,0.0,0.0,0.0,0.0,66.7,0.0,23.6,0.0,58.52,0.0017777777777778284,58.5,58.5,58.5,58.5,58.6,58.5,58.5,58.5,58.5,58.6
goodFeatures,Video2,./data/Video2/Gear01.png and 9 others,3,17.10045337677002,0.7462835816972478,15.94996452331543,15.12908935546875,17.328977584838867,17.528772354125977,17.129898071289062,17.33708381652832,17.650842666625977,17.70186424255371,17.599105834960938,17.648935317993164,2.36,16.760444444444445,0.0,4.2,0.0,0.0,0.0,0.0,9.1,0.0,10.3,0.0,58.52,0.0017777777777778284,58.5,58.5,58.5,58.5,58.6,58.5,58.5,58.5,58.5,58.6
houghLine,Video2,./data/Video2/Gear01.png and 9 others,3,8.844831466674805,2.0425055904585556,10.124921798706055,7.475681304931641,7.635641098022461,7.2753143310546875,7.435512542724609,10.323047637939453,10.132074356079102,10.184049606323242,7.645120620727539,10.216951370239258,5.73,58.693444444444445,0.0,0.0,0.0,9.7,17.8,0.0,15.8,0.0,14.0,0.0,58.52,0.0017777777777778284,58.5,58.5,58.5,58.5,58.6,58.5,58.5,58.5,58.5,58.6
measureMemoryUsage,Video3,./data/Video3/Talk01.png and 9 others,3,7.617976188659668,0.010539612070109191,7.714481353759766,7.683687210083008,7.687997817993164,7.619361877441406,7.6810455322265625,7.641754150390625,7.628192901611328,7.6422882080078125,7.503995895385742,7.376956939697266,4.23,47.05788888888889,16.1,13.0,13.2,0.0,0.0,0.0,0.0,0.0,0.0,0.0,58.44,0.004888888888889028,58.6,58.5,58.5,58.4,58.4,58.4,58.4,58.4,58.4,58.4
resize,Video3,./data/Video3/Talk01.png and 9 others,3,0.2547798156738281,0.0003137899249041867,0.24372100830078125,0.2574348449707031,0.2820396423339844,0.22635459899902344,0.2731609344482422,0.26223182678222656,0.2615547180175781,0.2284717559814453,0.25455474853515625,0.2582740783691406,2.9899999999999998,40.414333333333325,16.7,0.0,0.0,13.2,0.0,0.0,0.0,0.0,0.0,0.0,58.48,0.004000000000000114,58.6,58.5,58.5,58.4,58.5,58.5,58.4,58.5,58.4,58.5
rotate,Video3,./data/Video3/Talk01.png and 9 others,3,0.16882896423339844,4.683837081150462e-06,0.1675128936767578,0.1702404022216797,0.16660690307617188,0.1710796356201172,0.1670074462890625,0.1731586456298828,0.167236328125,0.16744613647460938,0.16803741455078125,0.16996383666992188,3.27,28.262333333333334,0.0,0.0,10.0,10.0,12.7,0.0,0.0,0.0,0.0,0.0,58.48,0.004000000000000114,58.6,58.5,58.5,58.4,58.5,58.5,58.4,58.5,58.4,58.5
mirror,Video3,./data/Video3/Talk01.png and 9 others,3,0.0744619369506836,0.000496276949585687,0.06756782531738281,0.06859779357910156,0.065155029296875,0.06751060485839844,0.06787300109863281,0.06984710693359375,0.06711959838867188,0.06723403930664062,0.1377582550048828,0.06595611572265625,0.0,0.0,0.0,0.0,0.0,0.0,0.0,0.0,0.0,0.0,0.0,0.0,58.48,0.004000000000000114,58.6,58.5,58.5,58.4,58.5,58.5,58.4,58.5,58.4,58.5
contour,Video3,./data/Video3/Talk01.png and 9 others,3,0.7611932754516602,0.013626456498564544,0.854644775390625,0.8461666107177734,0.8451175689697266,0.7976913452148438,0.8337974548339844,0.7448005676269531,0.8141517639160156,0.5924034118652344,0.7697582244873047,0.5134010314941406,1.31,17.160999999999998,0.0,0.0,0.0,0.0,0.0,13.1,0.0,0.0,0.0,0.0,58.47,0.004555555555555685,58.6,58.5,58.5,58.4,58.5,58.5,58.4,58.4,58.4,58.5
contrastRandomization,Video3,./data/Video3/Talk01.png and 9 others,3,0.1913747787475586,3.4832888155102e-05,0.18312454223632812,0.19683837890625,0.18723487854003906,0.19123077392578125,0.20224571228027344,0.18568038940429688,0.19596099853515625,0.18698692321777344,0.1939678192138672,0.1904773712158203,0.0,0.0,0.0,0.0,0.0,0.0,0.0,0.0,0.0,0.0,0.0,0.0,58.47,0.004555555555555685,58.6,58.5,58.5,58.4,58.5,58.5,58.4,58.4,58.4,58.5
brightnessRandomization,Video3,./data/Video3/Talk01.png and 9 others,3,4.506600379943848,0.09405700996871423,5.103321075439453,5.05579948425293,4.392356872558594,4.349241256713867,4.342041015625,4.298200607299805,4.39732551574707,4.315004348754883,4.329719543457031,4.482994079589844,1.27,16.129,0.0,0.0,0.0,0.0,0.0,0.0,12.7,0.0,0.0,0.0,58.46,0.0026666666666667425,58.5,58.5,58.5,58.4,58.5,58.5,58.4,58.4,58.4,58.5
gaussianBlur,Video3,./data/Video3/Talk01.png and 9 others,3,0.11422252655029297,5.0305333287623296e-05,0.1187896728515625,0.11712074279785156,0.09644508361816406,0.11552810668945312,0.11708259582519531,0.11324882507324219,0.12220382690429688,0.11216163635253906,0.111083984375,0.118560791015625,0.0,0.0,0.0,0.0,0.0,0.0,0.0,0.0,0.0,0.0,0.0,0.0,58.46,0.0026666666666667425,58.5,58.5,58.5,58.4,58.5,58.5,58.4,58.4,58.4,58.5
meanThresh,Video3,./data/Video3/Talk01.png and 9 others,3,0.31981754302978516,0.0001310475969755013,0.3387641906738281,0.3379249572753906,0.307159423828125,0.3271961212158203,0.31943321228027344,0.3067207336425781,0.3174781799316406,0.31380653381347656,0.31760215759277344,0.3120899200439453,0.0,0.0,0.0,0.0,0.0,0.0,0.0,0.0,0.0,0.0,0.0,0.0,58.46,0.0026666666666667425,58.5,58.5,58.5,58.4,58.5,58.5,58.4,58.4,58.4,58.5
gradientSobel,Video3,./data/Video3/Talk01.png and 9 others,3,0.4875049591064453,0.0028512855796078737,0.3837108612060547,0.38947105407714844,0.510406494140625,0.5076503753662109,0.5192470550537109,0.5067157745361328,0.5164337158203125,0.5093288421630859,0.5122470855712891,0.5198383331298828,1.3,16.9,0.0,0.0,0.0,0.0,0.0,0.0,0.0,13.0,0.0,0.0,58.46,0.0026666666666667425,58.5,58.5,58.5,58.4,58.5,58.5,58.4,58.4,58.4,58.5
computeHistogram,Video3,./data/Video3/Talk01.png and 9 others,3,0.16394901275634766,8.994698570556163e-05,0.1554393768310547,0.1692485809326172,0.16664505004882812,0.1596355438232422,0.17772674560546875,0.17608642578125,0.1567554473876953,0.15456199645996094,0.1517963409423828,0.17159461975097656,0.0,0.0,0.0,0.0,0.0,0.0,0.0,0.0,0.0,0.0,0.0,0.0,58.47,0.0023333333333333994,58.5,58.5,58.5,58.5,58.5,58.5,58.4,58.4,58.4,58.5
computeCanny,Video3,./data/Video3/Talk01.png and 9 others,3,4.869053840637207,0.04089295829039151,5.058040618896484,4.98723030090332,4.894552230834961,5.116558074951172,4.898958206176758,4.658842086791992,5.059881210327148,4.67280387878418,4.843072891235352,4.500598907470703,1.3599999999999999,18.496,0.0,0.0,0.0,0.0,0.0,0.0,0.0,0.0,13.6,0.0,58.44,0.0026666666666667425,58.5,58.5,58.4,58.4,58.4,58.5,58.4,58.4,58.4,58.5
detectSift,Video3,./data/Video3/Talk01.png and 9 others,3,59.19153690338135,1.4943521673810918,58.93087387084961,59.081315994262695,58.66503715515137,61.422109603881836,61.1882209777832,58.43377113342285,57.4650764465332,58.4561824798584,59.01813507080078,59.25464630126953,3.6500000000000004,64.43833333333335,0.0,0.0,0.0,0.0,0.0,0.0,0.0,0.0,23.1,13.4,58.51,0.007666666666666884,58.5,58.5,58.6,58.6,58.6,58.6,58.4,58.4,58.4,58.5
detectSurf,Video3,./data/Video3/Talk01.png and 9 others,3,31.040525436401367,0.16787596198102822,31.965017318725586,30.926227569580078,31.431913375854492,30.894041061401367,31.170129776000977,30.616044998168945,30.66110610961914,30.749797821044922,30.855894088745117,31.135082244873047,7.17,514.0889999999999,0.0,0.0,0.0,0.0,0.0,0.0,0.0,0.0,0.0,71.7,58.43,0.0023333333333333994,58.5,58.5,58.4,58.4,58.4,58.4,58.4,58.4,58.4,58.5
goodFeatures,Video3,./data/Video3/Talk01.png and 9 others,3,3.8174896240234375,0.0038235208962254952,3.8351917266845703,3.802671432495117,3.788480758666992,3.820676803588867,3.801555633544922,3.7572860717773438,3.789997100830078,3.8751220703125,3.9584827423095703,3.745431900024414,0.8099999999999999,6.561,0.0,0.0,0.0,0.0,0.0,0.0,0.0,0.0,0.0,8.1,58.48,0.0017777777777778284,58.5,58.5,58.4,58.5,58.5,58.5,58.5,58.5,58.4,58.5
houghLine,Video3,./data/Video3/Talk01.png and 9 others,3,8.698630332946777,0.00983401211871953,8.719444274902344,8.642759323120117,8.635597229003906,8.812599182128906,8.790197372436523,8.676671981811523,8.797245025634766,8.529396057128906,8.792800903320312,8.589591979980469,0.0,0.0,0.0,0.0,0.0,0.0,0.0,0.0,0.0,0.0,0.0,0.0,58.43,0.0023333333333333994,58.5,58.5,58.4,58.4,58.4,58.4,58.4,58.4,58.4,58.5
measureMemoryUsage,Video4,./data/Video4/Chess01.png and 9 others,3,13.04631233215332,0.1765868192807021,12.067079544067383,13.128995895385742,13.254165649414062,13.340234756469727,13.153076171875,13.443231582641602,13.049125671386719,13.386964797973633,13.051033020019531,12.589216232299805,2.89,15.747666666666666,0.0,0.0,0.0,8.3,0.0,5.0,0.0,10.0,0.0,5.6,58.51,0.0010000000000000284,58.5,58.5,58.5,58.6,58.5,58.5,58.5,58.5,58.5,58.5
resize,Video4,./data/Video4/Chess01.png and 9 others,3,0.3297386169433594,1.7812801363308812e-05,0.33428192138671875,0.33316612243652344,0.3265190124511719,0.3303241729736328,0.3259563446044922,0.3322124481201172,0.3305339813232422,0.3355216979980469,0.32263755798339844,0.32623291015625,0.0,0.0,0.0,0.0,0.0,0.0,0.0,0.0,0.0,0.0,0.0,0.0,58.51,0.0010000000000000284,58.5,58.5,58.5,58.6,58.5,58.5,58.5,58.5,58.5,58.5
rotate,Video4,./data/Video4/Chess01.png and 9 others,3,0.4594993591308594,0.0019164069372992446,0.5703163146972656,0.42430877685546875,0.45764923095703125,0.42023658752441406,0.4486083984375,0.4284381866455078,0.4456520080566406,0.4642677307128906,0.4871177673339844,0.4483985900878906,0.0,0.0,0.0,0.0,0.0,0.0,0.0,0.0,0.0,0.0,0.0,0.0,58.51,0.0010000000000000284,58.5,58.5,58.5,58.6,58.5,58.5,58.5,58.5,58.5,58.5
mirror,Video4,./data/Video4/Chess01.png and 9 others,3,0.158660888671875,0.0003043285849141992,0.2073192596435547,0.1490020751953125,0.15196800231933594,0.15059471130371094,0.15183448791503906,0.15336990356445312,0.15228271484375,0.15279769897460938,0.15567779541015625,0.16176223754882812,0.0,0.0,0.0,0.0,0.0,0.0,0.0,0.0,0.0,0.0,0.0,0.0,58.51,0.0010000000000000284,58.5,58.5,58.5,58.6,58.5,58.5,58.5,58.5,58.5,58.5
contour,Video4,./data/Video4/Chess01.png and 9 others,3,0.7580595016479492,0.001636843768816713,0.8510780334472656,0.6944370269775391,0.7276725769042969,0.7441616058349609,0.759124755859375,0.76019287109375,0.7833576202392578,0.7532405853271484,0.7638454437255859,0.7434844970703125,1.33,17.689,0.0,13.3,0.0,0.0,0.0,0.0,0.0,0.0,0.0,0.0,58.51,0.0010000000000000284,58.5,58.5,58.5,58.6,58.5,58.5,58.5,58.5,58.5,58.5
contrastRandomization,Video4,./data/Video4/Chess01.png and 9 others,3,0.4373292922973633,0.0011340532698037957,0.5315303802490234,0.43560028076171875,0.42428016662597656,0.4188346862792969,0.43028831481933594,0.4220771789550781,0.4386425018310547,0.4239654541015625,0.42319297790527344,0.4248809814453125,0.0,0.0,0.0,0.0,0.0,0.0,0.0,0.0,0.0,0.0,0.0,0.0,58.51,0.0010000000000000284,58.5,58.5,58.5,58.6,58.5,58.5,58.5,58.5,58.5,58.5
brightnessRandomization,Video4,./data/Video4/Chess01.png and 9 others,3,23.939800262451172,1.3160078954873218,26.01909637451172,24.136066436767578,22.870779037475586,23.876190185546875,23.334980010986328,25.914907455444336,22.844791412353516,23.68903160095215,23.106098175048828,23.606061935424805,0.0,0.0,0.0,0.0,0.0,0.0,0.0,0.0,0.0,0.0,0.0,0.0,58.52,0.0017777777777778284,58.5,58.5,58.6,58.6,58.5,58.5,58.5,58.5,58.5,58.5
gaussianBlur,Video4,./data/Video4/Chess01.png and 9 others,3,0.10342025756835938,1.71069728417529e-05,0.10416030883789062,0.09963035583496094,0.10567665100097656,0.10512351989746094,0.10392189025878906,0.09344100952148438,0.10680198669433594,0.10264396667480469,0.10556221008300781,0.10724067687988281,0.0,0.0,0.0,0.0,0.0,0.0,0.0,0.0,0.0,0.0,0.0,0.0,58.52,0.0017777777777778284,58.5,58.5,58.6,58.6,58.5,58.5,58.5,58.5,58.5,58.5
meanThresh,Video4,./data/Video4/Chess01.png and 9 others,3,0.7575740814208984,0.00016440594562381093,0.7780838012695312,0.7391262054443359,0.7596302032470703,0.75408935546875,0.7777976989746094,0.7415580749511719,0.75408935546875,0.7603263854980469,0.7534408569335938,0.757598876953125,0.0,0.0,0.0,0.0,0.0,0.0,0.0,0.0,0.0,0.0,0.0,0.0,58.52,0.0017777777777778284,58.5,58.5,58.6,58.6,58.5,58.5,58.5,58.5,58.5,58.5
gradientSobel,Video4,./data/Video4/Chess01.png and 9 others,3,0.8353452682495117,6.862218469905201e-05,0.8501911163330078,0.8275604248046875,0.8293533325195312,0.8374404907226562,0.8471965789794922,0.8343219757080078,0.8270740509033203,0.8266067504882812,0.8385086059570312,0.8351993560791016,0.0,0.0,0.0,0.0,0.0,0.0,0.0,0.0,0.0,0.0,0.0,0.0,58.52,0.0017777777777778284,58.5,58.5,58.6,58.6,58.5,58.5,58.5,58.5,58.5,58.5
computeHistogram,Video4,./data/Video4/Chess01.png and 9 others,3,0.22061538696289062,0.00022771075034850382,0.21375656127929688,0.2230072021484375,0.21831512451171875,0.22863388061523438,0.20427703857421875,0.2471637725830078,0.20689010620117188,0.2439117431640625,0.20887374877929688,0.21132469177246094,0.0,0.0,0.0,0.0,0.0,0.0,0.0,0.0,0.0,0.0,0.0,0.0,58.52,0.0017777777777778284,58.5,58.5,58.6,58.6,58.5,58.5,58.5,58.5,58.5,58.5
computeCanny,Video4,./data/Video4/Chess01.png and 9 others,3,3.118117332458496,0.0028843309953824952,3.1114768981933594,3.1206417083740234,3.1768798828125,3.105316162109375,3.1566429138183594,2.9933929443359375,3.1581592559814453,3.134794235229492,3.1525135040283203,3.0713558197021484,0.0,0.0,0.0,0.0,0.0,0.0,0.0,0.0,0.0,0.0,0.0,0.0,58.52,0.0017777777777778284,58.5,58.5,58.6,58.6,58.5,58.5,58.5,58.5,58.5,58.5
detectSift,Video4,./data/Video4/Chess01.png and 9 others,3,140.99643230438232,4.266649391284874,143.2948112487793,138.94414901733398,141.11590385437012,142.83084869384766,142.72809028625488,142.64702796936035,141.24608039855957,140.4399871826172,140.01941680908203,136.69800758361816,0.0,0.0,0.0,0.0,0.0,0.0,0.0,0.0,0.0,0.0,0.0,0.0,58.52,0.0017777777777778284,58.5,58.5,58.6,58.6,58.5,58.5,58.5,58.5,58.5,58.5
detectSurf,Video4,./data/Video4/Chess01.png and 9 others,3,86.73255443572998,3.076188250538002,84.7170352935791,84.57303047180176,88.71793746948242,87.68391609191895,87.82792091369629,87.59927749633789,87.38899230957031,85.93606948852539,84.10334587097168,88.77801895141602,8.14,171.856,0.0,0.0,0.0,0.0,27.6,0.0,26.5,0.0,27.3,0.0,58.51,0.0010000000000000284,58.5,58.5,58.6,58.5,58.5,58.5,58.5,58.5,58.5,58.5
goodFeatures,Video4,./data/Video4/Chess01.png and 9 others,3,15.071749687194824,0.011128491905765259,15.110254287719727,14.947175979614258,15.048980712890625,15.13814926147461,15.050888061523438,14.938831329345703,15.014886856079102,15.002250671386719,15.237092971801758,15.228986740112305,2.8,20.677777777777777,0.0,0.0,0.0,0.0,8.0,0.0,10.5,0.0,9.5,0.0,58.51,0.0010000000000000284,58.5,58.5,58.6,58.5,58.5,58.5,58.5,58.5,58.5,58.5
houghLine,Video4,./data/Video4/Chess01.png and 9 others,3,11.949872970581055,0.061568688478372574,12.09712028503418,12.220382690429688,12.16888427734375,12.118101119995117,11.990070343017578,12.091875076293945,11.826276779174805,11.626958847045898,11.461019515991211,11.898040771484375,5.83,97.06900000000002,0.0,0.0,28.1,0.0,5.3,0.0,19.0,0.0,5.9,0.0,58.51,0.0010000000000000284,58.5,58.5,58.6,58.5,58.5,58.5,58.5,58.5,58.5,58.5
measureMemoryUsage,Video1,./data/Video1/Confetti01.png and 9 others,11,33.092713356018066,0.4233914782819031,33.48517417907715,33.46514701843262,33.119916915893555,33.38980674743652,32.1810245513916,32.53507614135742,32.113075256347656,33.18023681640625,33.223867416381836,34.233808517456055,2.29,14.361,0.0,0.0,0.0,0.0,7.8,0.0,0.0,9.4,5.7,0.0,58.51,0.0032222222222223137,58.5,58.5,58.5,58.5,58.5,58.5,58.6,58.6,58.4,58.5
resize,Video1,./data/Video1/Confetti01.png and 9 others,11,0.5100479125976562,0.0011723597344825976,0.49620628356933594,0.5070018768310547,0.6023216247558594,0.48323631286621094,0.5171966552734375,0.4926776885986328,0.4839611053466797,0.5092048645019531,0.5013561248779297,0.5073165893554688,9.83,448.06677777777776,0.0,0.0,58.3,0.0,40.0,0.0,0.0,0.0,0.0,0.0,58.51,0.0032222222222223137,58.5,58.5,58.5,58.5,58.5,58.5,58.6,58.6,58.4,58.5
rotate,Video1,./data/Video1/Confetti01.png and 9 others,11,0.9199619293212891,0.0003687819318858803,0.9534835815429688,0.9449195861816406,0.9186363220214844,0.9077262878417969,0.9225654602050781,0.8985996246337891,0.8901596069335938,0.9188365936279297,0.9276866912841797,0.9170055389404297,0.79,6.2410000000000005,0.0,0.0,7.9,0.0,0.0,0.0,0.0,0.0,0.0,0.0,58.51,0.0032222222222223137,58.5,58.5,58.5,58.5,58.5,58.5,58.6,58.6,58.4,58.5
mirror,Video1,./data/Video1/Confetti01.png and 9 others,11,0.33581066131591797,6.850859891629726e-05,0.3415966033935547,0.3351593017578125,0.3544330596923828,0.3273963928222656,0.3314399719238281,0.3320789337158203,0.3283214569091797,0.3429603576660156,0.3330802917480469,0.33164024353027344,0.0,0.0,0.0,0.0,0.0,0.0,0.0,0.0,0.0,0.0,0.0,0.0,58.51,0.0032222222222223137,58.5,58.5,58.5,58.5,58.5,58.5,58.6,58.6,58.4,58.5
contour,Video1,./data/Video1/Confetti01.png and 9 others,11,2.583907127380371,0.003532760538291768,2.5714778900146484,2.5499534606933594,2.5823211669921875,2.596120834350586,2.5750350952148438,2.5330066680908203,2.575359344482422,2.740316390991211,2.587404251098633,2.528076171875,0.0,0.0,0.0,0.0,0.0,0.0,0.0,0.0,0.0,0.0,0.0,0.0,58.51,0.0032222222222223137,58.5,58.5,58.5,58.5,58.5,58.5,58.6,58.6,58.4,58.5
contrastRandomization,Video1,./data/Video1/Confetti01.png and 9 others,11,0.9885835647583008,0.0027119999433327597,0.9622001647949219,0.9596824645996094,0.9633255004882812,0.9709644317626953,1.1200714111328125,0.9718799591064453,1.0410308837890625,0.9691143035888672,0.9641647338867188,0.9634017944335938,3.3600000000000003,112.89600000000002,0.0,33.6,0.0,0.0,0.0,0.0,0.0,0.0,0.0,0.0,58.51,0.0032222222222223137,58.5,58.5,58.5,58.5,58.5,58.5,58.6,58.6,58.4,58.5
brightnessRandomization,Video1,./data/Video1/Confetti01.png and 9 others,11,62.093329429626465,3.622278769120789,63.020944595336914,58.785200119018555,62.51096725463867,62.8972053527832,64.00775909423828,63.58194351196289,59.08203125,64.02420997619629,60.95409393310547,62.068939208984375,0.95,9.025,0.0,9.5,0.0,0.0,0.0,0.0,0.0,0.0,0.0,0.0,58.51,0.0032222222222223137,58.5,58.5,58.5,58.5,58.5,58.5,58.6,58.6,58.4,58.5
gaussianBlur,Video1,./data/Video1/Confetti01.png and 9 others,11,0.5388250350952148,0.006290810363983231,0.4644775390625,0.6113243103027344,0.4364013671875,0.6310367584228516,0.5603981018066406,0.6338024139404297,0.6139278411865234,0.5039215087890625,0.46276092529296875,0.4701995849609375,5.93,351.64899999999994,0.0,59.3,0.0,0.0,0.0,0.0,0.0,0.0,0.0,0.0,58.51,0.0032222222222223137,58.5,58.5,58.5,58.5,58.5,58.5,58.6,58.6,58.4,58.5
meanThresh,Video1,./data/Video1/Confetti01.png and 9 others,11,3.5443954467773438,0.0004760566864408449,3.5474681854248047,3.547201156616211,3.509359359741211,3.5488414764404297,3.5466766357421875,3.54736328125,3.581399917602539,3.5651588439941406,3.5406017303466797,3.5098838806152344,2.67,42.728999999999985,20.4,6.3,0.0,0.0,0.0,0.0,0.0,0.0,0.0,0.0,58.51,0.0032222222222223137,58.5,58.5,58.5,58.5,58.5,58.5,58.6,58.6,58.4,58.5
gradientSobel,Video1,./data/Video1/Confetti01.png and 9 others,11,1.8684911727905273,0.0018296998607386034,1.9803142547607422,1.846475601196289,1.857004165649414,1.8878746032714844,1.8607234954833984,1.8578338623046875,1.8571186065673828,1.8623638153076172,1.8186092376708984,1.8565940856933594,0.85,7.2250000000000005,8.5,0.0,0.0,0.0,0.0,0.0,0.0,0.0,0.0,0.0,58.51,0.0032222222222223137,58.5,58.5,58.5,58.5,58.5,58.5,58.6,58.6,58.4,58.5
computeHistogram,Video1,./data/Video1/Confetti01.png and 9 others,11,0.3101367950439453,0.0001903762151616522,0.3118324279785156,0.3016376495361328,0.33443450927734375,0.33111572265625,0.3029155731201172,0.30768394470214844,0.30608177185058594,0.3142356872558594,0.28862953186035156,0.30280113220214844,5.83,339.889,58.3,0.0,0.0,0.0,0.0,0.0,0.0,0.0,0.0,0.0,58.51,0.0032222222222223137,58.5,58.5,58.5,58.5,58.5,58.5,58.6,58.6,58.4,58.5
computeCanny,Video1,./data/Video1/Confetti01.png and 9 others,11,22.99811840057373,0.2398523779195077,23.424863815307617,22.60303497314453,22.290945053100586,23.658037185668945,23.467063903808594,23.49996566772461,22.787094116210938,22.462844848632812,23.067235946655273,22.7200984954834,1.6199999999999999,26.244,16.2,0.0,0.0,0.0,0.0,0.0,0.0,0.0,0.0,0.0,58.51,0.0032222222222223137,58.5,58.5,58.5,58.5,58.5,58.5,58.6,58.6,58.4,58.5
detectSift,Video1,./data/Video1/Confetti01.png and 9 others,11,358.5055351257324,22.47273553166451,353.8980484008789,360.687255859375,361.84072494506836,360.2900505065918,358.6139678955078,361.6492748260498,358.9801788330078,365.7400608062744,349.90787506103516,353.44791412353516,0.0,0.0,0.0,0.0,0.0,0.0,0.0,0.0,0.0,0.0,0.0,0.0,58.51,0.0032222222222223137,58.5,58.5,58.5,58.5,58.5,58.5,58.6,58.6,58.4,58.5
detectSurf,Video1,./data/Video1/Confetti01.png and 9 others,11,229.46760654449463,19.69602569273674,223.80805015563965,224.3509292602539,226.2120246887207,228.09600830078125,236.0849380493164,231.86397552490234,227.8289794921875,234.93194580078125,234.00616645812988,227.4930477142334,25.35,181.045,0.0,0.0,33.8,30.2,32.7,29.8,29.8,32.9,33.9,30.4,58.44,0.0026666666666667425,58.4,58.5,58.5,58.4,58.5,58.5,58.4,58.4,58.4,58.4
goodFeatures,Video1,./data/Video1/Confetti01.png and 9 others,11,38.497352600097656,1.3463892678878944,39.98708724975586,38.02609443664551,40.82298278808594,38.05208206176758,38.6810302734375,38.54203224182129,38.166046142578125,37.12582588195801,37.06812858581543,38.50221633911133,7.36,18.333777777777776,0.0,0.0,11.8,11.1,8.3,9.7,11.1,8.5,6.6,6.5,58.6,0.0,58.6,58.6,58.6,58.6,58.6,58.6,58.6,58.6,58.6,58.6
houghLine,Video1,./data/Video1/Confetti01.png and 9 others,11,41.852712631225586,0.959929037789051,42.174339294433594,41.54491424560547,42.4959659576416,42.714834213256836,41.14508628845215,41.93902015686035,40.92860221862793,43.69831085205078,41.59903526306152,40.287017822265625,5.93,41.23122222222222,0.0,0.0,10.4,11.4,0.0,0.0,14.9,13.2,0.0,9.4,58.47,0.00677777777777797,58.4,58.5,58.5,58.4,58.5,58.6,58.6,58.4,58.4,58.4
measureMemoryUsage,Video2,./data/Video2/Gear01.png and 9 others,11,10.501193046569824,3.184234416331593,8.721246719360352,8.87155532836914,8.997554779052734,9.071197509765625,9.272890090942383,11.964912414550781,10.567789077758789,13.799962997436523,12.211799621582031,11.533021926879883,3.12,33.897333333333336,7.1,6.5,17.6,0.0,0.0,0.0,0.0,0.0,0.0,0.0,59.6,2.402222222222226,58.4,58.4,58.6,58.4,58.4,58.4,60.7,62.2,61.3,61.2
resize,Video2,./data/Video2/Gear01.png and 9 others,11,0.3500347137451172,0.001892358983847468,0.36163330078125,0.2955913543701172,0.3874015808105469,0.3660392761230469,0.3559112548828125,0.3190326690673828,0.4358100891113281,0.2892494201660156,0.3542804718017578,0.33539772033691406,5.87,203.47566666666668,0.0,44.4,14.3,0.0,0.0,0.0,0.0,0.0,0.0,0.0,59.59,2.2987777777777807,58.5,58.4,58.6,58.4,58.4,58.4,60.8,62.2,61.0,61.2
rotate,Video2,./data/Video2/Gear01.png and 9 others,11,0.46299171447753906,0.0013983091533494492,0.4071617126464844,0.44048309326171875,0.44536590576171875,0.453643798828125,0.4360389709472656,0.45111656188964844,0.4931163787841797,0.494232177734375,0.5389213562011719,0.4698371887207031,0.0,0.0,0.0,0.0,0.0,0.0,0.0,0.0,0.0,0.0,0.0,0.0,59.6,2.331111111111115,58.5,58.4,58.6,58.4,58.4,58.4,60.8,62.2,61.1,61.2
mirror,Video2,./data/Video2/Gear01.png and 9 others,11,0.163238525390625,0.0001379454624839127,0.15496253967285156,0.15456199645996094,0.15091896057128906,0.15236854553222656,0.152435302734375,0.17131805419921875,0.1797962188720703,0.16425132751464844,0.1809215545654297,0.1708507537841797,0.0,0.0,0.0,0.0,0.0,0.0,0.0,0.0,0.0,0.0,0.0,0.0,59.6,2.331111111111115,58.5,58.4,58.6,58.4,58.4,58.4,60.8,62.2,61.1,61.2
contour,Video2,./data/Video2/Gear01.png and 9 others,11,1.0869865417480469,0.005799743016218094,0.9268760681152344,1.0086441040039062,1.0327529907226562,1.0986042022705078,1.109466552734375,1.1528873443603516,1.12152099609375,1.1640739440917969,1.09527587890625,1.1597633361816406,0.0,0.0,0.0,0.0,0.0,0.0,0.0,0.0,0.0,0.0,0.0,0.0,59.59,2.3565555555555595,58.4,58.4,58.6,58.4,58.4,58.4,60.8,62.2,61.1,61.2
contrastRandomization,Video2,./data/Video2/Gear01.png and 9 others,11,0.44580554962158203,0.0007677727798080822,0.4433250427246094,0.42359352111816406,0.4288768768310547,0.41258811950683594,0.41710853576660156,0.4547595977783203,0.5053520202636719,0.4677867889404297,0.4534721374511719,0.45119285583496094,1.7100000000000002,29.241,0.0,0.0,0.0,17.1,0.0,0.0,0.0,0.0,0.0,0.0,59.57,2.40455555555556,58.4,58.4,58.4,58.4,58.4,58.4,60.8,62.2,61.1,61.2
brightnessRandomization,Video2,./data/Video2/Gear01.png and 9 others,11,34.798336029052734,839.6293147926473,24.943828582763672,24.072885513305664,25.135040283203125,23.216962814331055,23.31709861755371,25.197982788085938,31.759023666381836,116.9588565826416,27.68397331237793,25.697708129882812,4.14,111.45599999999997,0.0,0.0,0.0,8.1,0.0,0.0,0.0,33.3,0.0,0.0,59.6,2.331111111111115,58.4,58.6,58.5,58.4,58.4,58.4,60.8,62.2,61.1,61.2
gaussianBlur,Video2,./data/Video2/Gear01.png and 9 others,11,0.28499794006347656,0.0003731502511072904,0.277557373046875,0.2827644348144531,0.2657604217529297,0.2503204345703125,0.27667999267578125,0.2813720703125,0.30609130859375,0.3068351745605469,0.29155731201171875,0.31104087829589844,14.57,980.1823333333333,0.0,0.0,0.0,85.7,0.0,0.0,0.0,60.0,0.0,0.0,59.6,2.331111111111115,58.4,58.6,58.5,58.4,58.4,58.4,60.8,62.2,61.1,61.2
meanThresh,Video2,./data/Video2/Gear01.png and 9 others,11,1.6479253768920898,0.006825124389959253,1.587371826171875,1.5954780578613281,1.55242919921875,1.5604305267333984,1.6149234771728516,1.6403961181640625,1.665201187133789,1.7909908294677734,1.715993881225586,1.7560386657714844,0.5,2.5,0.0,0.0,0.0,5.0,0.0,0.0,0.0,0.0,0.0,0.0,59.6,2.331111111111115,58.4,58.6,58.5,58.4,58.4,58.4,60.8,62.2,61.1,61.2
gradientSobel,Video2,./data/Video2/Gear01.png and 9 others,11,0.8782453536987305,0.004336260969163656,0.8250331878662109,0.8283233642578125,0.8302402496337891,0.8333492279052734,0.8274269104003906,0.8653640747070312,0.8900737762451172,1.001596450805664,0.9824848175048828,0.8985614776611328,6.46,111.34044444444444,0.0,0.0,0.0,0.0,17.6,21.9,25.1,0.0,0.0,0.0,59.61,2.3054444444444475,58.4,58.6,58.5,58.5,58.4,58.4,60.8,62.2,61.1,61.2
computeHistogram,Video2,./data/Video2/Gear01.png and 9 others,11,0.2068319320678711,0.0006823125547978432,0.21688461303710938,0.2241992950439453,0.22027015686035156,0.23056983947753906,0.20760536193847656,0.239715576171875,0.20435333251953125,0.17200469970703125,0.1559162139892578,0.19680023193359375,13.39,538.1343333333333,0.0,0.0,0.0,0.0,42.9,0.0,63.6,0.0,27.4,0.0,59.61,2.3054444444444475,58.4,58.6,58.5,58.5,58.4,58.4,60.8,62.2,61.1,61.2
computeCanny,Video2,./data/Video2/Gear01.png and 9 others,11,1.8632020950317383,0.010881120871191443,1.7889595031738281,1.8187522888183594,1.7749214172363281,1.7437553405761719,1.8645572662353516,1.896200180053711,1.9570350646972656,1.7815971374511719,1.92352294921875,2.0827198028564453,12.61,413.1432222222222,0.0,0.0,0.0,0.0,42.1,0.0,40.0,0.0,44.0,0.0,59.58,2.2995555555555587,58.4,58.6,58.4,58.4,58.4,58.4,60.8,62.1,61.1,61.2
detectSift,Video2,./data/Video2/Gear01.png and 9 others,11,208.82558822631836,20836.48544846205,136.60478591918945,138.04316520690918,135.90097427368164,135.83803176879883,141.80874824523926,141.77298545837402,145.1270580291748,473.1779098510742,148.21410179138184,491.76812171936035,8.36,182.89822222222222,0.0,0.0,0.0,0.0,0.0,0.0,27.5,0.0,30.8,25.3,60.08,2.592888888888885,58.4,58.6,58.4,58.7,58.7,61.5,61.8,61.8,61.4,61.5
detectSurf,Video2,./data/Video2/Gear01.png and 9 others,11,66.57960414886475,1.5442802483297176,66.58220291137695,66.32399559020996,65.10090827941895,66.12300872802734,65.19412994384766,66.36786460876465,66.82801246643066,69.61202621459961,66.6208267211914,67.04306602478027,14.36,917.376,0.0,0.0,0.0,0.0,0.0,0.0,0.0,0.0,69.8,73.8,59.89,2.3698888888888914,58.4,58.6,58.4,58.4,58.4,61.1,61.5,61.7,61.1,61.3
goodFeatures,Video2,./data/Video2/Gear01.png and 9 others,11,17.378616333007812,8.53851122176113,16.80898666381836,17.108917236328125,17.45295524597168,16.80278778076172,17.295122146606445,14.984130859375,15.90418815612793,25.341033935546875,15.258073806762695,16.829967498779297,0.8,6.4,0.0,0.0,0.0,0.0,0.0,0.0,0.0,0.0,8.0,0.0,59.97,2.575666666666669,58.4,58.6,58.4,58.5,58.4,61.2,61.6,61.9,61.2,61.5
houghLine,Video2,./data/Video2/Gear01.png and 9 others,11,8.392854690551758,3.1382590543055104,7.12127685546875,7.4703216552734375,7.228593826293945,7.211236953735352,7.212648391723633,7.346763610839844,7.534475326538086,11.447906494140625,10.562353134155273,10.792970657348633,0.0,0.0,0.0,0.0,0.0,0.0,0.0,0.0,0.0,0.0,0.0,0.0,59.89,2.354333333333335,58.4,58.6,58.4,58.4,58.4,61.1,61.5,61.5,61.2,61.4
measureMemoryUsage,Video3,./data/Video3/Talk01.png and 9 others,11,9.763701438903809,3.9792292512892242,10.11204719543457,8.14631462097168,7.498998641967773,13.128995895385742,11.832237243652344,7.499523162841797,7.539710998535156,10.481834411621094,10.754108428955078,10.643243789672852,5.03,67.27344444444444,0.0,24.7,13.0,0.0,0.0,0.0,6.3,6.3,0.0,0.0,61.37,0.03788888888888886,61.4,61.9,61.3,61.3,61.3,61.3,61.3,61.3,61.4,61.2
resize,Video3,./data/Video3/Talk01.png and 9 others,11,0.2515430450439453,0.00029589360767406307,0.2306365966796875,0.2164459228515625,0.2587699890136719,0.2573204040527344,0.255279541015625,0.2680015563964844,0.2621269226074219,0.2688884735107422,0.2589225769042969,0.23903846740722656,8.5,144.72222222222223,0.0,25.0,20.0,0.0,0.0,0.0,10.0,30.0,0.0,0.0,61.35,0.013888888888889046,61.6,61.5,61.3,61.3,61.3,61.3,61.3,61.3,61.4,61.2
rotate,Video3,./data/Video3/Talk01.png and 9 others,11,0.17201995849609375,8.266155216713539e-05,0.19639015197753906,0.170440673828125,0.17696380615234375,0.16793251037597656,0.1696014404296875,0.1687908172607422,0.16692161560058594,0.16900062561035156,0.1688385009765625,0.16531944274902344,0.0,0.0,0.0,0.0,0.0,0.0,0.0,0.0,0.0,0.0,0.0,0.0,61.37,0.024555555555555983,61.7,61.6,61.3,61.3,61.3,61.3,61.3,61.3,61.4,61.2
mirror,Video3,./data/Video3/Talk01.png and 9 others,11,0.07144546508789062,3.2046171125128036e-05,0.08115768432617188,0.07528305053710938,0.06772994995117188,0.06564140319824219,0.07945060729980469,0.06916046142578125,0.06763458251953125,0.07403373718261719,0.06875991821289062,0.06560325622558594,0.0,0.0,0.0,0.0,0.0,0.0,0.0,0.0,0.0,0.0,0.0,0.0,61.339999999999996,0.01822222222222252,61.7,61.3,61.3,61.3,61.3,61.3,61.3,61.3,61.4,61.2
contour,Video3,./data/Video3/Talk01.png and 9 others,11,0.7691278457641602,0.015244432697727461,0.8816051483154297,0.8261680603027344,0.8419609069824219,0.8614444732666016,0.8302021026611328,0.7413196563720703,0.7812881469726562,0.5918407440185547,0.8271312713623047,0.5083179473876953,0.0,0.0,0.0,0.0,0.0,0.0,0.0,0.0,0.0,0.0,0.0,0.0,61.339999999999996,0.01822222222222252,61.7,61.3,61.3,61.3,61.3,61.3,61.3,61.3,61.4,61.2
contrastRandomization,Video3,./data/Video3/Talk01.png and 9 others,11,0.20027542114257812,0.00022869372009558397,0.1894855499267578,0.1835918426513672,0.2052783966064453,0.23222923278808594,0.2051544189453125,0.2109241485595703,0.1828479766845703,0.18912315368652344,0.19727706909179688,0.20684242248535156,0.0,0.0,0.0,0.0,0.0,0.0,0.0,0.0,0.0,0.0,0.0,0.0,61.339999999999996,0.01822222222222252,61.7,61.3,61.3,61.3,61.3,61.3,61.3,61.3,61.4,61.2
brightnessRandomization,Video3,./data/Video3/Talk01.png and 9 others,11,6.114641189575195,11.083777422819468,12.404918670654297,5.1868438720703125,4.53211784362793,12.42208480834961,4.478607177734375,4.510231018066406,4.591045379638672,4.236326217651367,4.353046417236328,4.431190490722656,0.0,0.0,0.0,0.0,0.0,0.0,0.0,0.0,0.0,0.0,0.0,0.0,61.35,0.018333333333333618,61.7,61.3,61.3,61.3,61.3,61.3,61.3,61.4,61.4,61.2
gaussianBlur,Video3,./data/Video3/Talk01.png and 9 others,11,0.24539566040039062,0.0007714078633903733,0.1987171173095703,0.2507972717285156,0.25404930114746094,0.27808189392089844,0.2130889892578125,0.2497100830078125,0.25252342224121094,0.26251792907714844,0.2142333984375,0.28023719787597656,0.0,0.0,0.0,0.0,0.0,0.0,0.0,0.0,0.0,0.0,0.0,0.0,61.35,0.018333333333333618,61.7,61.3,61.3,61.3,61.3,61.3,61.3,61.4,61.4,61.2
meanThresh,Video3,./data/Video3/Talk01.png and 9 others,11,0.7476472854614258,0.009770179354341558,0.8129596710205078,0.7225131988525391,0.7033538818359375,1.0097122192382812,0.7319545745849609,0.7054901123046875,0.7043170928955078,0.6924057006835938,0.7088756561279297,0.6848907470703125,1.4,19.599999999999998,0.0,0.0,0.0,0.0,0.0,0.0,0.0,0.0,14.0,0.0,61.35,0.018333333333333618,61.7,61.3,61.3,61.3,61.3,61.3,61.3,61.4,61.4,61.2
gradientSobel,Video3,./data/Video3/Talk01.png and 9 others,11,0.5038614273071289,0.006050748137972227,0.3965187072753906,0.3906440734863281,0.5120468139648438,0.6758785247802734,0.5198097229003906,0.5139541625976562,0.5070781707763672,0.5080795288085938,0.5123615264892578,0.5022430419921875,0.45,2.025,0.0,0.0,0.0,0.0,0.0,0.0,0.0,0.0,4.5,0.0,61.32,0.024000000000000146,61.7,61.3,61.3,61.3,61.3,61.3,61.3,61.4,61.1,61.2
computeHistogram,Video3,./data/Video3/Talk01.png and 9 others,11,0.15033531188964844,0.00040676491254190396,0.15091896057128906,0.16371726989746094,0.14871597290039062,0.10356903076171875,0.14583587646484375,0.1509571075439453,0.1500701904296875,0.16872406005859375,0.1413249969482422,0.1795196533203125,0.0,0.0,0.0,0.0,0.0,0.0,0.0,0.0,0.0,0.0,0.0,0.0,61.32,0.024000000000000146,61.7,61.3,61.3,61.3,61.3,61.3,61.3,61.4,61.1,61.2
computeCanny,Video3,./data/Video3/Talk01.png and 9 others,11,5.163485527038574,0.9853708940792987,7.94560432434082,4.964084625244141,4.816198348999023,5.174598693847656,4.878120422363281,4.622840881347656,5.016565322875977,4.795799255371094,4.8262786865234375,4.594764709472656,1.5,22.5,0.0,0.0,0.0,15.0,0.0,0.0,0.0,0.0,0.0,0.0,61.32,0.024000000000000146,61.7,61.3,61.3,61.3,61.3,61.3,61.3,61.4,61.1,61.2
detectSift,Video3,./data/Video3/Talk01.png and 9 others,11,57.358551025390625,6.450832261685314,63.780784606933594,56.01906776428223,55.8469295501709,59.65375900268555,57.121992111206055,56.19502067565918,56.87284469604492,56.04815483093262,55.50503730773926,56.54191970825195,3.85,66.81166666666667,0.0,0.0,0.0,21.3,0.0,0.0,0.0,0.0,0.0,17.2,61.35,0.022777777777777952,61.7,61.3,61.3,61.5,61.3,61.3,61.3,61.4,61.2,61.2
detectSurf,Video3,./data/Video3/Talk01.png and 9 others,11,30.47006130218506,2.960822574020009,35.31384468078613,30.153989791870117,30.20787239074707,30.106067657470703,30.108928680419922,29.751062393188477,30.188798904418945,29.556989669799805,29.647111892700195,29.66594696044922,15.65,1089.5716666666667,0.0,0.0,0.0,80.4,0.0,0.0,0.0,0.0,0.0,76.1,61.32,0.024000000000000146,61.7,61.3,61.3,61.3,61.3,61.3,61.3,61.4,61.2,61.1
goodFeatures,Video3,./data/Video3/Talk01.png and 9 others,11,3.819136619567871,0.01219387941596829,4.069557189941406,3.724527359008789,3.7128829956054688,3.8849639892578125,3.804750442504883,3.752117156982422,3.7512874603271484,3.742685317993164,3.899078369140625,3.849515914916992,2.0700000000000003,22.511222222222223,0.0,0.0,0.0,6.4,14.3,0.0,0.0,0.0,0.0,0.0,61.339999999999996,0.024888888888888995,61.7,61.3,61.3,61.4,61.4,61.3,61.3,61.4,61.2,61.1
houghLine,Video3,./data/Video3/Talk01.png and 9 others,11,8.714942932128906,0.05332116985907002,9.24051284790039,8.728809356689453,8.666152954101562,8.62065315246582,8.787288665771484,8.618431091308594,8.81800651550293,8.331327438354492,8.757648468017578,8.580598831176758,2.36,25.189333333333334,0.0,0.0,0.0,0.0,10.4,13.2,0.0,0.0,0.0,0.0,61.32,0.024000000000000146,61.7,61.3,61.3,61.3,61.3,61.3,61.3,61.4,61.2,61.1
measureMemoryUsage,Video4,./data/Video4/Chess01.png and 9 others,11,15.268278121948242,1.4668775293102954,14.306783676147461,18.28289031982422,14.404058456420898,16.248226165771484,14.327049255371094,15.166997909545898,14.969825744628906,14.844179153442383,14.723062515258789,15.409708023071289,1.1099999999999999,12.321,0.0,0.0,0.0,11.1,0.0,0.0,0.0,0.0,0.0,0.0,61.1,0.0,61.1,61.1,61.1,61.1,61.1,61.1,61.1,61.1,61.1,61.1
resize,Video4,./data/Video4/Chess01.png and 9 others,11,0.36505794525146484,0.00018820017127533598,0.3667259216308594,0.3611564636230469,0.39055824279785156,0.37883758544921875,0.3709220886230469,0.3619098663330078,0.36543846130371094,0.3415966033935547,0.3638458251953125,0.34958839416503906,0.0,0.0,0.0,0.0,0.0,0.0,0.0,0.0,0.0,0.0,0.0,0.0,61.1,0.0,61.1,61.1,61.1,61.1,61.1,61.1,61.1,61.1,61.1,61.1
rotate,Video4,./data/Video4/Chess01.png and 9 others,11,0.43405723571777344,0.00042423616428600834,0.41492462158203125,0.4208087921142578,0.42247772216796875,0.4661273956298828,0.4333209991455078,0.40795326232910156,0.47092437744140625,0.44144630432128906,0.4325103759765625,0.43007850646972656,2.17,47.089,0.0,21.7,0.0,0.0,0.0,0.0,0.0,0.0,0.0,0.0,61.1,0.0,61.1,61.1,61.1,61.1,61.1,61.1,61.1,61.1,61.1,61.1
mirror,Video4,./data/Video4/Chess01.png and 9 others,11,0.16401100158691406,0.0010063829459896726,0.1572418212890625,0.1530742645263672,0.15195846557617188,0.16411781311035156,0.15135765075683594,0.14867782592773438,0.1556396484375,0.25343894958496094,0.15007972717285156,0.1545238494873047,1.4300000000000002,20.449000000000005,0.0,14.3,0.0,0.0,0.0,0.0,0.0,0.0,0.0,0.0,61.1,0.0,61.1,61.1,61.1,61.1,61.1,61.1,61.1,61.1,61.1,61.1
contour,Video4,./data/Video4/Chess01.png and 9 others,11,0.7554111480712891,0.0009557794368851723,0.7081508636474609,0.7158470153808594,0.7347965240478516,0.7569122314453125,0.7655239105224609,0.7907295227050781,0.7434368133544922,0.7972049713134766,0.7889938354492188,0.7525157928466797,1.03,10.609000000000004,0.0,10.3,0.0,0.0,0.0,0.0,0.0,0.0,0.0,0.0,61.1,0.0,61.1,61.1,61.1,61.1,61.1,61.1,61.1,61.1,61.1,61.1
contrastRandomization,Video4,./data/Video4/Chess01.png and 9 others,11,0.4280986785888672,5.6494156726532514e-05,0.4260063171386719,0.42664527893066406,0.43114662170410156,0.43999671936035156,0.4225921630859375,0.41744232177734375,0.42819976806640625,0.44119834899902344,0.42380332946777344,0.42395591735839844,0.0,0.0,0.0,0.0,0.0,0.0,0.0,0.0,0.0,0.0,0.0,0.0,61.1,0.0,61.1,61.1,61.1,61.1,61.1,61.1,61.1,61.1,61.1,61.1
brightnessRandomization,Video4,./data/Video4/Chess01.png and 9 others,11,22.560834884643555,0.9941223753331643,21.003007888793945,23.117780685424805,22.22895622253418,24.12700653076172,22.11284637451172,21.919965744018555,22.764205932617188,24.156808853149414,22.059917449951172,22.11785316467285,0.0,0.0,0.0,0.0,0.0,0.0,0.0,0.0,0.0,0.0,0.0,0.0,61.11,0.0010000000000000284,61.1,61.2,61.1,61.1,61.1,61.1,61.1,61.1,61.1,61.1
gaussianBlur,Video4,./data/Video4/Chess01.png and 9 others,11,0.2840604782104492,0.0006585321989405202,0.2962017059326172,0.29891014099121094,0.3175640106201172,0.3000831604003906,0.2776813507080078,0.2810382843017578,0.30343055725097656,0.2269744873046875,0.27500152587890625,0.2637195587158203,0.0,0.0,0.0,0.0,0.0,0.0,0.0,0.0,0.0,0.0,0.0,0.0,61.11,0.0010000000000000284,61.1,61.2,61.1,61.1,61.1,61.1,61.1,61.1,61.1,61.1
meanThresh,Video4,./data/Video4/Chess01.png and 9 others,11,1.597273826599121,0.0013691713128436175,1.632232666015625,1.5388011932373047,1.5615558624267578,1.627044677734375,1.5730476379394531,1.5906715393066406,1.6586780548095703,1.6228389739990234,1.5913105010986328,1.5765571594238281,0.0,0.0,0.0,0.0,0.0,0.0,0.0,0.0,0.0,0.0,0.0,0.0,61.11,0.0010000000000000284,61.1,61.2,61.1,61.1,61.1,61.1,61.1,61.1,61.1,61.1
gradientSobel,Video4,./data/Video4/Chess01.png and 9 others,11,0.852325439453125,0.0004856297851397863,0.8671665191650391,0.8348369598388672,0.8403301239013672,0.8678817749023438,0.8358383178710938,0.8859539031982422,0.8847999572753906,0.8309173583984375,0.8454799652099609,0.8300495147705078,0.0,0.0,0.0,0.0,0.0,0.0,0.0,0.0,0.0,0.0,0.0,0.0,61.11,0.0010000000000000284,61.1,61.2,61.1,61.1,61.1,61.1,61.1,61.1,61.1,61.1
computeHistogram,Video4,./data/Video4/Chess01.png and 9 others,11,0.23224163055419922,0.0005333067959630474,0.2283477783203125,0.2591133117675781,0.2757549285888672,0.2427959442138672,0.2302074432373047,0.213470458984375,0.2436065673828125,0.21539688110351562,0.2068042755126953,0.20691871643066406,0.0,0.0,0.0,0.0,0.0,0.0,0.0,0.0,0.0,0.0,0.0,0.0,61.11,0.0010000000000000284,61.1,61.2,61.1,61.1,61.1,61.1,61.1,61.1,61.1,61.1
computeCanny,Video4,./data/Video4/Chess01.png and 9 others,11,3.12139892578125,0.0033812768621525415,3.209085464477539,3.130950927734375,3.0742835998535156,3.0858802795410156,3.187236785888672,3.048715591430664,3.0978775024414062,3.1875228881835938,3.137197494506836,3.055238723754883,0.0,0.0,0.0,0.0,0.0,0.0,0.0,0.0,0.0,0.0,0.0,0.0,61.1,0.0,61.1,61.1,61.1,61.1,61.1,61.1,61.1,61.1,61.1,61.1
detectSift,Video4,./data/Video4/Chess01.png and 9 others,11,138.3744478225708,4.191499508957956,137.76111602783203,138.4408473968506,141.12281799316406,142.32110977172852,136.1250877380371,137.85696029663086,138.97085189819336,138.4570598602295,136.71875,135.969877243042,6.71,116.95655555555552,0.0,0.0,0.0,0.0,23.0,0.0,21.2,0.0,22.9,0.0,61.19,0.020999999999999602,61.1,61.1,61.1,61.1,61.4,61.1,61.4,61.1,61.4,61.1
detectSurf,Video4,./data/Video4/Chess01.png and 9 others,11,85.5370283126831,2.7194645585698,84.23089981079102,83.28604698181152,88.52601051330566,85.4651927947998,85.9537124633789,87.39089965820312,86.86184883117676,84.1219425201416,85.08992195129395,84.44380760192871,25.540000000000003,1276.1226666666666,0.0,0.0,28.2,0.0,75.9,0.0,77.4,0.0,73.9,0.0,61.1,0.0,61.1,61.1,61.1,61.1,61.1,61.1,61.1,61.1,61.1,61.1
goodFeatures,Video4,./data/Video4/Chess01.png and 9 others,11,14.643239974975586,0.05372681799700432,15.080928802490234,14.541864395141602,14.451026916503906,14.655828475952148,14.333963394165039,14.740943908691406,14.487028121948242,14.58597183227539,14.97197151184082,14.58287239074707,1.21,6.752111111111111,0.0,0.0,5.0,0.0,0.0,0.0,0.0,0.0,7.1,0.0,61.14,0.0026666666666667425,61.1,61.1,61.2,61.1,61.2,61.1,61.2,61.1,61.2,61.1
houghLine,Video4,./data/Video4/Chess01.png and 9 others,11,11.596989631652832,0.05709035993580377,11.567115783691406,11.422157287597656,12.015819549560547,11.678934097290039,11.868953704833984,11.46697998046875,11.69896125793457,11.64698600769043,11.196136474609375,11.407852172851562,1.58,24.964000000000002,0.0,0.0,15.8,0.0,0.0,0.0,0.0,0.0,0.0,0.0,61.1,0.0,61.1,61.1,61.1,61.1,61.1,61.1,61.1,61.1,61.1,61.1
